<?xml version="1.0" encoding="UTF-8"?>
<texture version="1" file="top_animation.pvr.ccz" type="pvrccz" width="1024" height="1024" pixelformat="RGBA_8888" minfilter="linear" magfilter="linear" wrapt="clamp" wraps="clamp" premultiplyalpha="false">
    <!-- Created with TexturePacker http://texturepacker.com -->
    <!-- $TexturePacker:SmartUpdate:6a9685bac78819c6f6e931b7320e1c08$ -->
    <textureregion id="0" src="top_02_iphone_karaoke_btm.png" x="3" y="210" width="282" height="216" rotated="false" trimmed="false" srcx="0" srcy="0" srcwidth="282" srcheight="216"/>
    <textureregion id="1" src="top_03_iphone_uta_bt.png" x="701" y="3" width="283" height="216" rotated="false" trimmed="false" srcx="0" srcy="0" srcwidth="283" srcheight="216"/>
    <textureregion id="2" src="top_04_adr_credit_bt.png" x="351" y="568" width="187" height="106" rotated="false" trimmed="false" srcx="0" srcy="0" srcwidth="187" srcheight="106"/>
    <textureregion id="3" src="top_05_adr_help_bt.png" x="219" y="477" width="140" height="82" rotated="false" trimmed="false" srcx="0" srcy="0" srcwidth="140" srcheight="82"/>
    <textureregion id="4" src="top_06_1_iphone4_bear.png" x="3" y="701" width="212" height="267" rotated="false" trimmed="false" srcx="0" srcy="0" srcwidth="212" srcheight="267"/>
    <textureregion id="5" src="top_06_2_iphone4_bear.png" x="3" y="430" width="212" height="267" rotated="false" trimmed="false" srcx="0" srcy="0" srcwidth="212" srcheight="267"/>
    <textureregion id="6" src="top_06_3_iphone4_bear.png" x="400" y="297" width="212" height="267" rotated="false" trimmed="false" srcx="0" srcy="0" srcwidth="212" srcheight="267"/>
    <textureregion id="7" src="top_07_1_iphone4_fox.png" x="219" y="869" width="128" height="114" rotated="false" trimmed="false" srcx="0" srcy="0" srcwidth="128" srcheight="114"/>
    <textureregion id="8" src="top_07_2_iphone4_fox.png" x="219" y="563" width="128" height="114" rotated="false" trimmed="false" srcx="0" srcy="0" srcwidth="128" srcheight="114"/>
    <textureregion id="9" src="top_09_1_iphone4_deer.png" x="410" y="678" width="187" height="184" rotated="false" trimmed="false" srcx="0" srcy="0" srcwidth="187" srcheight="184"/>
    <textureregion id="10" src="top_09_2_iphone4_deer.png" x="219" y="681" width="187" height="184" rotated="false" trimmed="false" srcx="0" srcy="0" srcwidth="187" srcheight="184"/>
    <textureregion id="11" src="top_10_iphone4_rabbit.png" x="350" y="242" width="46" height="83" rotated="false" trimmed="false" srcx="0" srcy="0" srcwidth="46" srcheight="83"/>
    <textureregion id="12" src="top_11_iphone_right_croud.png" x="219" y="430" width="162" height="43" rotated="false" trimmed="false" srcx="0" srcy="0" srcwidth="162" srcheight="43"/>
    <textureregion id="13" src="top_12_iphone_left_croud.png" x="289" y="210" width="110" height="28" rotated="false" trimmed="false" srcx="0" srcy="0" srcwidth="110" srcheight="28"/>
    <textureregion id="14" src="top_13_iphone_logo.png" x="3" y="3" width="400" height="203" rotated="false" trimmed="false" srcx="0" srcy="0" srcwidth="400" srcheight="203"/>
    <textureregion id="15" src="top_14_iphone_douga.png" x="701" y="223" width="282" height="216" rotated="false" trimmed="false" srcx="0" srcy="0" srcwidth="282" srcheight="216"/>
    <textureregion id="16" src="top_17_iphone_buy.png" x="407" y="3" width="290" height="290" rotated="false" trimmed="false" srcx="0" srcy="0" srcwidth="290" srcheight="290"/>
    <textureregion id="17" src="top_19_iphone_swan.png" x="289" y="285" width="57" height="39" rotated="false" trimmed="false" srcx="0" srcy="0" srcwidth="57" srcheight="39"/>
    <textureregion id="18" src="top_19_iphone_swan_right.png" x="289" y="242" width="57" height="39" rotated="false" trimmed="false" srcx="0" srcy="0" srcwidth="57" srcheight="39"/>
</texture>
